day,x,y,z
0,-1.471858391663588E11,-2.860995816266412E10,8278183.19359608
1,-1.471858391663588E11,-2.860995816266412E10,8278183.19359608
